
INSERT INTO t_account(account_name_owner, account_type, active_status, moniker, totals, totals_balanced) VALUES('chase_brian', 'credit', 'Y', '0000', 0.0, 0.0);
INSERT INTO t_account(account_name_owner, account_type, active_status, moniker, totals, totals_balanced) VALUES('amex_brian', 'credit', 'Y', '0000', 0.0, 0.0);
INSERT INTO t_account(account_name_owner, account_type, active_status, moniker, totals, totals_balanced) VALUES('discover_brian', 'credit', 'Y', '0000', 0.0, 0.0);
INSERT INTO t_account(account_name_owner, account_type, active_status, moniker, totals, totals_balanced) VALUES('rcard_brian', 'credit', 'Y', '0000', 0.0, 0.0);

INSERT INTO t_category(category) VALUES('online');
INSERT INTO t_category(category) VALUES('fuel');
INSERT INTO t_category(category) VALUES('payment');
INSERT INTO t_category(category) VALUES('restaurant');

UPDATE t_account set date_added = CURRENT_TIMESTAMP, date_updated = CURRENT_TIMESTAMP, date_closed = CURRENT_TIMESTAMP;

INSERT INTO t_transaction(guid, account_type, account_name_owner, transaction_date, description, category, amount, cleared, notes, date_updated, date_added, reoccurring, account_id) VALUES(random_uuid(), 'credit', 'chase_brian', '2017-10-01', 'Mario Kart', 'toys', '49.99', 1, 'my notes today', CURRENT_TIMESTAMP, CURRENT_TIMESTAMP, false, select account_id from t_account WHERE account_name_owner='chase_brian');
INSERT INTO t_transaction(guid, account_type, account_name_owner, transaction_date, description, category, amount, cleared, notes, date_updated, date_added, reoccurring, account_id) VALUES(random_uuid(), 'credit', 'chase_brian', '2018-10-11', 'Chipotle', 'restaurant', '6.99', 1, 'my food', CURRENT_TIMESTAMP, CURRENT_TIMESTAMP, false, select account_id from t_account WHERE account_name_owner='chase_brian');
INSERT INTO t_transaction(guid, account_type, account_name_owner, transaction_date, description, category, amount, cleared, notes, date_updated, date_added, reoccurring, account_id) VALUES(random_uuid(), 'credit', 'chase_brian', '2018-11-12', 'Chipotle', 'restaurant', '6.99', 1, 'food', CURRENT_TIMESTAMP, CURRENT_TIMESTAMP, false, select account_id from t_account WHERE account_name_owner='chase_brian');
INSERT INTO t_transaction(guid, account_type, account_name_owner, transaction_date, description, category, amount, cleared, notes, date_updated, date_added, reoccurring, account_id) VALUES(random_uuid(), 'credit', 'chase_brian', CURRENT_TIMESTAMP, 'Jimmy Johns', 'restaurant', '7.99', 1, 'good notes', CURRENT_TIMESTAMP, CURRENT_TIMESTAMP, false, select account_id from t_account WHERE account_name_owner='chase_brian');
INSERT INTO t_transaction(guid, account_type, account_name_owner, transaction_date, description, category, amount, cleared, notes, date_updated, date_added, reoccurring, account_id) VALUES(random_uuid(), 'credit', 'rcard_brian', DATEADD('DAY',-17, CURRENT_DATE), 'target.com', 'online', '8.25', 1, 'my notes', CURRENT_TIMESTAMP, CURRENT_TIMESTAMP, false, select account_id from t_account WHERE account_name_owner='rcard_brian');
INSERT INTO t_transaction(guid, account_type, account_name_owner, transaction_date, description, category, amount, cleared, notes, date_updated, date_added, reoccurring, account_id) VALUES(random_uuid(), 'credit', 'rcard_brian', DATEADD('DAY',-15, CURRENT_DATE), 'target.com', 'online', '18.24', 1, 'my notes', CURRENT_TIMESTAMP, CURRENT_TIMESTAMP, false, select account_id from t_account WHERE account_name_owner='rcard_brian');
INSERT INTO t_transaction(guid, account_type, account_name_owner, transaction_date, description, category, amount, cleared, notes, date_updated, date_added, reoccurring, account_id) VALUES(random_uuid(), 'credit', 'discover_brian', DATEADD('DAY',-3, CURRENT_DATE), 'Olive Garden', 'restaurant', '7.55', 1, 'my notes', CURRENT_TIMESTAMP, CURRENT_TIMESTAMP, false, select account_id from t_account WHERE account_name_owner='discover_brian');
INSERT INTO t_transaction(guid, account_type, account_name_owner, transaction_date, description, category, amount, cleared, notes, date_updated, date_added, reoccurring, account_id) VALUES(random_uuid(), 'credit', 'discover_brian', DATEADD('DAY',-4, CURRENT_DATE), 'Pizza Place', 'restaurant', '17.07', 1, 'empty', CURRENT_TIMESTAMP, CURRENT_TIMESTAMP, false, select account_id from t_account WHERE account_name_owner='discover_brian');
INSERT INTO t_transaction(guid, account_type, account_name_owner, transaction_date, description, category, amount, cleared, notes, date_updated, date_added, reoccurring, account_id) VALUES(random_uuid(), 'credit', 'discover_brian', DATEADD('DAY',-14, CURRENT_DATE), 'Pizza Place', 'restaurant', '17.87', 1, 'empty', CURRENT_TIMESTAMP, CURRENT_TIMESTAMP, false, select account_id from t_account WHERE account_name_owner='discover_brian');
INSERT INTO t_transaction(guid, account_type, account_name_owner, transaction_date, description, category, amount, cleared, notes, date_updated, date_added, reoccurring, account_id) VALUES(random_uuid(), 'credit', 'discover_brian', DATEADD('DAY',-12, CURRENT_DATE), 'ebay.com', 'online', '46.27', 1, '', CURRENT_TIMESTAMP, CURRENT_TIMESTAMP, false, select account_id from t_account WHERE account_name_owner='discover_brian');
INSERT INTO t_transaction(guid, account_type, account_name_owner, transaction_date, description, category, amount, cleared, notes, date_updated, date_added, reoccurring, account_id) VALUES(random_uuid(), 'credit', 'discover_brian', DATEADD('DAY',-4, CURRENT_DATE), 'ebay.com', 'online', '14.57', 1, 'misc', CURRENT_TIMESTAMP, CURRENT_TIMESTAMP, false, select account_id from t_account WHERE account_name_owner='discover_brian');
INSERT INTO t_transaction(guid, account_type, account_name_owner, transaction_date, description, category, amount, cleared, notes, date_updated, date_added, reoccurring, account_id) VALUES(random_uuid(), 'credit', 'amex_brian', DATEADD('DAY',-2, CURRENT_DATE), 'aliexpress.com', 'online', '10.29', 1, 'boards', CURRENT_TIMESTAMP, CURRENT_TIMESTAMP, false, select account_id from t_account WHERE account_name_owner='amex_brian');
INSERT INTO t_transaction(guid, account_type, account_name_owner, transaction_date, description, category, amount, cleared, notes, date_updated, date_added, reoccurring, account_id) VALUES(random_uuid(), 'credit', 'amex_brian', DATEADD('DAY',-7, CURRENT_DATE), 'aliexpress.com', 'online', '2.55', 1, 'esp32', CURRENT_TIMESTAMP, CURRENT_TIMESTAMP, false, select account_id from t_account WHERE account_name_owner='amex_brian');
INSERT INTO t_transaction(guid, account_type, account_name_owner, transaction_date, description, category, amount, cleared, notes, date_updated, date_added, reoccurring, account_id) VALUES(random_uuid(), 'credit', 'amex_brian', DATEADD('DAY',-9, CURRENT_DATE), 'Batteries Plus', 'automotive', '100.29', 1, '', CURRENT_TIMESTAMP, CURRENT_TIMESTAMP, false, select account_id from t_account WHERE account_name_owner='amex_brian');

--CREATE INDEX secondary_index ON t_transaction_categories(transaction_id, category_id);
--ALTER TABLE t_transaction_categories ADD CONSTRAINT transaction_categories_constraint UNIQUE(transaction_id, category_id);

INSERT INTO t_transaction_categories(transaction_id, category_id) SELECT transaction_id, category_id from t_transaction t, t_category c where t.category = c.category;
